cluster_id	n_iv	n_ld	frac_ld	has_fastltr	candidate	G1	G2	G4	has_ld
1	12	0	0.0	False	False	False	True	True	False
7	135	0	0.0	False	False	False	True	True	False
10	144	0	0.0	False	True	True	True	True	False
13	43	1	0.023255813953488372	False	True	True	True	True	False
15	30	3	0.1	False	False	False	False	True	True
19	31	1	0.03225806451612903	False	False	False	False	True	False
24	3262	0	0.0	False	True	True	True	True	False
30	59	0	0.0	False	True	True	True	True	False
31	16	0	0.0	False	False	False	True	True	False
33	162	4	0.024691358024691357	True	False	False	True	True	False
35	16	0	0.0	False	False	False	False	True	False
42	34	0	0.0	False	False	False	True	True	False
44	34	0	0.0	False	False	False	True	True	False
49	1688	3	0.0017772511848341231	False	True	True	True	True	False
52	139	0	0.0	False	False	False	False	True	False
55	303	0	0.0	False	False	False	False	True	False
57	2890	1	0.00034602076124567473	False	False	False	False	True	False
60	75	0	0.0	False	True	True	True	True	False
63	619	2	0.0032310177705977385	False	True	True	True	True	False
64	4775	11	0.0023036649214659686	False	True	True	True	True	False
67	1588	2	0.0012594458438287153	False	True	True	True	True	False
70	94	0	0.0	False	True	True	True	True	False
71	295	0	0.0	False	True	True	True	True	False
74	2461	0	0.0	False	False	True	True	True	False
76	199	0	0.0	False	False	False	True	True	False
80	67	2	0.029850746268656716	False	False	False	False	False	False
82	97	0	0.0	False	True	True	True	True	False
83	17	0	0.0	False	False	False	False	True	False
84	250	17	0.068	False	True	True	True	True	False
86	34	0	0.0	False	True	True	True	True	False
87	22	4	0.18181818181818182	False	False	False	False	True	True
88	34	0	0.0	False	True	True	True	True	False
89	1318	0	0.0	False	False	True	False	True	False
90	67	40	0.5970149253731343	False	False	False	True	True	True
91	59	10	0.1694915254237288	False	False	False	False	True	True
93	93	0	0.0	False	True	True	True	True	False
94	152	0	0.0	False	False	False	False	True	False
97	67	0	0.0	False	False	False	True	True	False
99	18	1	0.05555555555555555	False	False	False	False	True	False
102	4816	25	0.005191029900332226	False	False	True	False	False	False
104	32	6	0.1875	False	False	False	False	True	True
112	57	0	0.0	False	True	True	True	True	False
113	585	9	0.015384615384615385	False	False	False	False	False	False
114	14	0	0.0	False	False	False	False	True	False
115	335	0	0.0	False	False	False	False	True	False
116	13	0	0.0	False	False	False	False	True	False
117	111	0	0.0	False	True	True	True	True	False
118	29	4	0.13793103448275862	False	False	False	False	True	True
124	89	0	0.0	False	True	True	True	True	False
127	56	0	0.0	False	True	True	True	True	False
129	53	0	0.0	False	False	False	False	True	False
133	81	0	0.0	False	False	False	True	True	False
137	15	0	0.0	False	False	False	True	True	False
142	128	18	0.140625	False	True	True	True	True	True
147	50	0	0.0	False	False	False	False	True	False
150	99	1	0.010101010101010102	False	False	False	False	True	False
156	396	10	0.025252525252525252	False	False	False	True	True	False
157	85	0	0.0	False	False	False	False	False	False
158	2413	0	0.0	False	False	False	False	True	False
160	899	0	0.0	False	False	False	False	True	False
162	67	0	0.0	False	True	True	True	True	False
163	161	0	0.0	False	False	False	True	True	False
164	3940	1	0.0002538071065989848	False	True	True	True	True	False
171	52	0	0.0	False	False	False	True	True	False
175	34	7	0.20588235294117646	False	True	True	True	True	True
180	203	3	0.014778325123152709	False	False	False	True	True	False
181	52	0	0.0	False	True	True	True	True	False
182	22	0	0.0	False	True	True	True	True	False
185	8	0	0.0	False	False	False	False	True	False
189	24	0	0.0	False	False	False	True	True	False
193	43	19	0.4418604651162791	False	False	True	False	True	True
195	55	0	0.0	False	True	True	True	True	False
199	45	0	0.0	False	False	False	True	True	False
200	439	0	0.0	False	False	False	True	True	False
208	39	10	0.2564102564102564	False	False	True	False	True	True
211	287	1	0.003484320557491289	False	False	False	False	True	False
213	19	6	0.3157894736842105	False	False	False	True	True	True
215	82	0	0.0	False	False	True	False	True	False
216	141	17	0.12056737588652482	False	True	True	True	True	True
217	95	0	0.0	False	True	True	True	True	False
222	87	0	0.0	False	False	True	False	True	False
223	97	17	0.17525773195876287	False	False	False	False	True	True
225	35	16	0.45714285714285713	False	True	True	True	True	True
233	270	0	0.0	False	True	True	True	True	False
235	129	0	0.0	False	True	True	True	True	False
236	165	0	0.0	False	True	True	True	True	False
237	53	0	0.0	False	True	True	True	True	False
239	60	0	0.0	False	True	True	True	True	False
240	70	0	0.0	False	False	False	False	True	False
245	1728	2	0.0011574074074074073	False	True	True	True	True	False
249	3136	0	0.0	False	False	False	True	False	False
260	123	0	0.0	False	True	True	True	True	False
263	187	0	0.0	False	True	True	True	True	False
264	33	3	0.09090909090909091	False	True	True	True	True	False
268	677	0	0.0	False	False	True	False	True	False
271	21	3	0.14285714285714285	False	False	False	False	True	True
274	53	7	0.1320754716981132	False	False	False	False	True	True
276	117	0	0.0	False	True	True	True	True	False
278	23	0	0.0	False	False	False	True	True	False
280	21	0	0.0	False	False	False	False	True	False
282	51	0	0.0	False	True	True	True	True	False
284	4	0	0.0	False	False	False	False	True	False
295	827	0	0.0	False	True	True	True	True	False
308	14	0	0.0	False	False	False	False	True	False
312	203	0	0.0	False	True	True	True	True	False
332	562	0	0.0	False	False	False	True	True	False
334	80	8	0.1	True	False	False	True	True	True
335	116	0	0.0	False	True	True	True	True	False
337	738	0	0.0	False	False	True	True	False	False
348	90	0	0.0	False	True	True	True	True	False
353	148	0	0.0	False	True	True	True	True	False
354	175	60	0.34285714285714286	False	True	True	True	True	True
360	90	0	0.0	False	True	True	True	True	False
364	113	0	0.0	False	True	True	True	True	False
367	10	0	0.0	False	False	False	True	True	False
371	59	0	0.0	False	True	True	True	True	False
372	91	15	0.16483516483516483	False	True	True	True	True	True
373	443	3	0.006772009029345372	False	True	True	True	True	False
379	16	0	0.0	False	False	False	False	True	False
380	19	2	0.10526315789473684	False	True	True	True	True	True
388	1846	0	0.0	False	True	True	True	True	False
389	6489	18	0.0027739251040221915	False	True	True	True	True	False
397	22	0	0.0	False	False	False	False	True	False
540	56	22	0.39285714285714285	True	True	True	True	True	True
551	251	4	0.01593625498007968	False	True	True	True	True	False
558	1842	1	0.0005428881650380022	False	False	True	True	False	False
570	233	9	0.03862660944206009	False	False	True	False	True	False
586	302	0	0.0	False	True	True	True	True	False
593	161	0	0.0	False	True	True	True	True	False
604	422	3	0.0071090047393364926	False	False	False	True	True	False
613	310	0	0.0	False	False	True	True	False	False
618	12957	5	0.0003858917959404183	False	True	True	True	True	False
651	150	0	0.0	False	True	True	True	True	False
652	47	4	0.0851063829787234	True	True	True	True	True	False
654	100	0	0.0	False	True	True	True	True	False
656	137	21	0.15328467153284672	True	False	False	True	True	True
658	227	0	0.0	False	True	True	True	True	False
659	3093	28	0.009052699644358229	False	False	True	True	False	False
661	154	0	0.0	False	True	True	True	True	False
662	248	2	0.008064516129032258	False	False	False	False	True	False
663	218	56	0.25688073394495414	True	False	False	True	True	True
664	211	0	0.0	False	True	True	True	True	False
670	4518	35	0.007746790615316512	False	True	True	True	True	False
673	97	0	0.0	True	False	False	True	True	False
674	1462	0	0.0	False	True	True	True	True	False
678	1998	0	0.0	False	False	True	True	True	False
681	806	0	0.0	False	True	True	True	True	False
682	65	0	0.0	True	True	True	True	True	False
683	208	0	0.0	True	True	True	True	True	False
685	9460	2	0.00021141649048625792	False	False	True	True	True	False
686	575	0	0.0	False	True	True	True	True	False
690	93	0	0.0	False	True	True	True	True	False
691	112	0	0.0	False	True	True	True	True	False
692	106	0	0.0	False	True	True	True	True	False
694	88	0	0.0	True	True	True	True	True	False
696	123	32	0.2601626016260163	True	True	True	True	True	True
699	292	0	0.0	False	True	True	True	True	False
702	850	0	0.0	True	True	True	True	True	False
703	3480	0	0.0	False	True	True	True	True	False
706	340	48	0.1411764705882353	True	True	True	True	True	True
708	298	6	0.020134228187919462	False	True	True	True	True	False
709	36	0	0.0	False	False	False	True	True	False
710	5361	0	0.0	False	False	True	True	False	False
713	3188	43	0.013488080301129234	False	True	True	True	True	False
714	103	0	0.0	True	True	True	True	True	False
720	109	0	0.0	True	False	True	True	True	False
722	267	0	0.0	True	True	True	True	True	False
724	171	0	0.0	True	True	True	True	True	False
725	502	15	0.029880478087649404	False	True	True	True	True	False
726	67	0	0.0	True	True	True	True	True	False
728	159	0	0.0	False	True	True	True	True	False
729	188	0	0.0	False	True	True	True	True	False
732	183	3	0.01639344262295082	False	True	True	True	True	False
738	289	0	0.0	False	True	True	True	True	False
740	337	1	0.002967359050445104	False	False	False	False	True	False
742	544	0	0.0	False	True	True	True	True	False
745	1278	0	0.0	False	False	True	True	False	False
747	337	0	0.0	False	True	True	True	True	False
748	48	1	0.020833333333333332	True	False	False	True	True	False
749	3863	1	0.0002588661661920787	False	True	True	True	True	False
751	180	30	0.16666666666666666	True	True	True	True	True	True
753	92	37	0.40217391304347827	False	False	False	True	True	True
759	160	0	0.0	False	True	True	True	True	False
760	3102	3	0.0009671179883945841	False	True	True	True	True	False
761	297	29	0.09764309764309764	False	False	False	False	True	False
762	192	0	0.0	False	False	False	False	True	False
764	224	31	0.13839285714285715	False	True	True	True	True	True
765	204	0	0.0	False	True	True	True	True	False
772	1328	0	0.0	False	True	True	True	True	False
774	34178	115	0.0033647375504710633	False	False	True	True	False	False
777	868	0	0.0	False	True	True	True	True	False
782	157	0	0.0	False	False	False	True	True	False
790	120	0	0.0	True	True	True	True	True	False
897	357	39	0.1092436974789916	True	True	True	True	True	True
906	4735	0	0.0	False	False	True	True	False	False
913	1574	0	0.0	False	False	True	True	True	False
915	5789	10	0.0017274140611504578	False	True	True	True	True	False
917	900	0	0.0	False	False	False	False	True	False
919	190	66	0.3473684210526316	True	True	True	True	True	True
921	1714	412	0.24037339556592766	False	False	True	True	True	True
922	482	6	0.012448132780082987	True	True	True	True	True	False
925	124	0	0.0	True	True	True	True	True	False
926	1892	0	0.0	False	True	True	True	True	False
929	158	0	0.0	False	True	True	True	True	False
936	259	0	0.0	True	True	True	True	True	False
937	53	23	0.4339622641509434	True	False	True	False	True	True
940	61	22	0.36065573770491804	True	True	True	True	True	True
941	3150	10	0.0031746031746031746	False	False	True	True	True	False
942	73	24	0.3287671232876712	True	True	True	True	True	True
947	115	6	0.05217391304347826	True	True	True	True	True	False
948	6214	4	0.000643707756678468	False	True	True	True	True	False
953	105	0	0.0	False	True	True	True	True	False
954	2227	0	0.0	False	True	True	True	True	False
957	564	0	0.0	False	True	True	True	True	False
958	135	61	0.45185185185185184	True	True	True	True	True	True
959	266	63	0.23684210526315788	True	True	True	True	True	True
960	166	11	0.06626506024096386	True	True	True	True	True	False
961	60	23	0.38333333333333336	True	True	True	True	True	True
967	2001	0	0.0	False	True	True	True	True	False
968	947	0	0.0	False	True	True	True	True	False
972	87	0	0.0	True	True	True	True	True	False
974	208	0	0.0	True	True	True	True	True	False
975	98	6	0.061224489795918366	True	True	True	True	True	False
977	755	0	0.0	False	True	True	True	True	False
978	128	0	0.0	True	True	True	True	True	False
979	52	0	0.0	True	False	False	True	True	False
981	3974	8	0.0020130850528434826	False	True	True	True	True	False
983	296	0	0.0	False	False	False	True	True	False
986	241	22	0.0912863070539419	True	True	True	True	True	False
988	185	0	0.0	True	True	True	True	True	False
989	7251	6	0.0008274720728175424	False	True	True	True	True	False
991	125	32	0.256	True	True	True	True	True	True
992	126	59	0.46825396825396826	True	True	True	True	True	True
993	842	0	0.0	True	True	True	True	True	False
997	5206	0	0.0	False	True	True	True	True	False
999	112	0	0.0	True	True	True	True	True	False
1000	292	4	0.0136986301369863	True	True	True	True	True	False
1002	487	113	0.23203285420944558	True	True	True	True	True	True
1005	424	0	0.0	False	True	True	True	True	False
1011	123	0	0.0	True	True	True	True	True	False
1044	196	34	0.17346938775510204	True	True	True	True	True	True
1051	768	0	0.0	False	True	True	True	True	False
1052	5216	14	0.0026840490797546013	False	False	True	True	True	False
1053	455	31	0.06813186813186813	False	True	True	True	True	False
1056	321	0	0.0	False	True	True	True	True	False
1061	10630	7	0.000658513640639699	False	True	True	True	True	False
1066	725	0	0.0	True	True	True	True	True	False
1067	794	10	0.012594458438287154	True	True	True	True	True	False
1069	326	0	0.0	False	True	True	True	True	False
1070	6882	1	0.00014530659691950015	False	False	True	True	True	False
1071	259	2	0.007722007722007722	True	True	True	True	True	False
1074	305	42	0.1377049180327869	True	True	True	True	True	True
1075	405	0	0.0	True	True	True	True	True	False
1078	261	0	0.0	True	True	True	True	True	False
1079	180	0	0.0	True	True	True	True	True	False
1080	342	196	0.5730994152046783	True	True	True	True	True	True
1081	278	0	0.0	True	True	True	True	True	False
1083	3387	26	0.007676409802184824	False	True	True	True	True	False
1084	412	0	0.0	False	True	True	True	True	False
1085	5173	8	0.0015464913976416005	False	True	True	True	True	False
1086	205	24	0.11707317073170732	True	True	True	True	True	True
1087	466	13	0.027896995708154508	True	True	True	True	True	False
1088	95	0	0.0	True	True	True	True	True	False
1089	806	20	0.02481389578163772	True	True	True	True	True	False
1090	1091	4	0.0036663611365719525	True	True	True	True	True	False
1092	731	161	0.22024623803009577	True	True	True	True	True	True
1093	7332	0	0.0	False	False	True	True	True	False
1094	1045	328	0.3138755980861244	True	True	True	True	True	True
1095	116	0	0.0	True	True	True	True	True	False
1096	564	0	0.0	True	True	True	True	True	False
1119	973	3	0.003083247687564234	True	True	True	True	True	False
1122	283	0	0.0	True	True	True	True	True	False
1123	336	1	0.002976190476190476	True	True	True	True	True	False
1124	313	1	0.003194888178913738	True	True	True	True	True	False
1128	6197	5	0.0008068420203324189	True	True	True	True	True	False
1129	382	0	0.0	True	True	True	True	True	False
1130	1186	0	0.0	True	True	True	True	True	False
1132	400	101	0.2525	True	True	True	True	True	True
1133	1419	0	0.0	False	True	True	True	True	False
1134	577	0	0.0	True	True	True	True	True	False
1136	1206	6	0.004975124378109453	False	True	True	True	True	False
1137	1066	12	0.01125703564727955	True	True	True	True	True	False
1138	491	0	0.0	True	True	True	True	True	False
1139	7339	219	0.029840577735386294	False	False	True	True	False	False
1140	538	83	0.15427509293680297	True	False	True	True	True	True
1141	469	87	0.18550106609808104	True	True	True	True	True	True
1142	204	0	0.0	True	True	True	True	True	False
1143	205	1	0.004878048780487805	True	True	True	True	True	False
1144	859	21	0.024447031431897557	True	True	True	True	True	False
1145	437	11	0.02517162471395881	True	True	True	True	True	False
1146	298	1	0.003355704697986577	True	True	True	True	True	False
1148	4088	9	0.002201565557729941	False	True	True	True	True	False
1149	292	110	0.3767123287671233	True	True	True	True	True	True
1151	233	1	0.004291845493562232	True	True	True	True	True	False
1152	539	78	0.14471243042671614	True	True	True	True	True	True
1153	312	0	0.0	True	True	True	True	True	False
1154	6648	1	0.00015042117930204573	False	False	True	True	False	False
1164	400	0	0.0	True	True	True	True	True	False
1165	9227	1	0.00010837758751490192	False	True	True	True	True	False
1166	653	12	0.018376722817764167	True	True	True	True	True	False
1167	930	0	0.0	False	True	True	True	True	False
1168	588	19	0.03231292517006803	True	True	True	True	True	False
1169	435	12	0.027586206896551724	True	True	True	True	True	False
1171	400	0	0.0	True	True	True	True	True	False
1172	1065	2	0.0018779342723004694	True	True	True	True	True	False
1173	616	133	0.2159090909090909	True	True	True	True	True	True
1176	199	0	0.0	True	True	True	True	True	False
1177	296	0	0.0	True	True	True	True	True	False
1178	560	5	0.008928571428571428	True	True	True	True	True	False
1180	202	9	0.04455445544554455	True	True	True	True	True	False
1183	1177	14	0.0118946474086661	True	True	True	True	True	False
1184	741	1	0.001349527665317139	True	True	True	True	True	False
1185	844	0	0.0	False	True	True	True	True	False
1186	523	0	0.0	True	True	True	True	True	False
1188	332	50	0.15060240963855423	True	True	True	True	True	True
1190	843	134	0.15895610913404506	True	False	True	True	True	True
1191	351	8	0.022792022792022793	True	True	True	True	True	False
1192	47232	94	0.0019901761517615176	False	True	True	True	True	False
1196	433	195	0.4503464203233256	True	True	True	True	True	True
1197	18618	11	0.0005908260822859599	False	False	True	True	True	False
1198	1358	169	0.12444771723122239	True	True	True	True	True	True
1199	618	0	0.0	True	True	True	True	True	False
1200	20748	10	0.0004819741661846925	False	True	True	True	True	False
1201	720	4	0.005555555555555556	True	True	True	True	True	False
1203	1137	353	0.31046613896218117	True	True	True	True	True	True
1204	1218	6	0.0049261083743842365	True	False	True	True	True	False
1205	1113	130	0.11680143755615453	True	True	True	True	True	True
